{"10x10": {"heatmap": [[0.39283130583430015, 27.571014073408513, 0.5373705493441405, 27.658413584136646, 16.90358499000326, 0.43769167100673584, 0.5672244687521482, 3.183618703664075, 9.973304534624658, 5.486324078896373], [16.263830580316576, 2.1961507283676776, 8.86837486603679, 8.128127664513466, 10.33513601885528, 7.773267266570854, 9.059453699779018, 1.4525017009726438, 5.305067714358809, 3.98026917749978], [16.253479759125685, 5.578406099801154, 19.88117511719139, 16.997030140415294, 13.434154257352725, 5.970775419138339, 6.5757444561444105, 8.177419063547156, 0.4146552672695392, 21.609824072384693], [21.552806584416768, 22.14193705060594, 22.947514574799843, 18.803457908376497, 0.5105020218769335, 17.411594380627726, 17.697469756072458, 0.43769167100673584, 16.70906706340409, 42.6055846655737], [31.62469672449163, 15.360974114787536, 9.984976920783087, 11.580597470574698, 0.3386774715275335, 23.463076210730865, 15.218927052825, 3.485052570632697, 12.186158212647005, 26.10695973187618], [37.62023263255656, 13.902501339030406, 18.054517312096422, 21.849736928498, 16.18828205252917, 15.624158024725952, 11.05409680562046, 14.173767309632016, 17.553064338877302, 49.1409257887459], [30.65199066737815, 6.699126133275598, 15.060848238041755, 23.373582836978915, 9.848215738293584, 16.31744171622582, 15.169540589653803, 11.836072176226695, 10.770055869883695, 41.99968255849895], [42.6760900726011, 16.400785668831976, 21.54127972637711, 15.405458123387753, 12.633778816814498, 12.902005767442212, 5.521541314697652, 11.81381476370808, 5.516625025253654, 22.539806264664893], [22.72248536725541, 13.599551570390135, 17.263668392076273, 26.96647253194703, 22.51422178127071, 17.397986290119377, 9.748886416086746, 6.106100559750599, 10.761146864630701, 20.84884679696601], [9.514667123343065, 20.678977681026044, 30.917785276399336, 38.48825529101316, 31.076453028434717, 41.59178153232846, 0.5119200830488138, 18.209531021665455, 20.442412328175052, 20.355816398590562]], "q": [[0.159804439359859, 0.020785813656894102, 0.10241157155383135, 0.010018460785939383, 0.024749133895312726, 0.00015693109953812293, 0.15917102116173942, 0.15915600559439436, 0.026758720456291754, 0.0], [0.3082101253566796, 0.0004019447249315008, 0.0002309672666175633, 0.020941727269671674, 0.0005018519659143671, 0.0006665733530933672, 0.0010606404885896725, 0.001054737439642042, 0.006644499107003682, 0.0010617573926088744], [0.0002649659965459254, 0.00019185426732839367, 0.09569505146959485, 0.0008663975992187255, 0.0, 0.00032148304091307876, 0.00019940087347773255, 0.02519537543721491, 0.0073965093571906485, 0.026320158234126638], [0.4643162413517181, 0.01009230520316157, 0.020602391466471567, 0.115251047513588, 0.01965795319896295, 0.160267682349581, 0.12128236109862112, 0.04119543219767803, 0.021586992715221125, 0.4092464760465527], [0.0, 0.10282377742161208, 0.0, 0.12092777521200652, 0.028035985915934574, 0.4666648944894425, 0.000573596948032681, 0.001014651474568124, 0.11765324313134795, 0.4620363408707655], [0.0011879100103747808, 0.1643349505700232, 0.00035152550921126765, 0.11536540091668782, 0.0005570480915656352, 0.003632851969629259, 0.001118656132073943, 0.007109615868540187, 0.026887508344443863, 0.4216227867681501], [0.00021041094413222716, 0.007963448084902645, 0.0003732593104168822, 0.007246946108081913, 0.0076119775877168915, 0.02555932080314943, 0.0, 0.0007302315562132927, 0.007102076416042769, 0.0006304239889234598], [0.15702662583893218, 0.006234947934974597, 0.0014926426479244977, 0.000591012824590815, 0.17281378616750295, 0.0006747924926596121, 0.1021798122402045, 0.005386790731828555, 0.00930474840493433, 8.625421005548512e-05], [0.1046346218755701, 0.0, 0.09750211371816288, 0.009467399310910134, 0.01219497401870039, 0.019420153155309094, 0.02615383721967475, 0.002786877820064394, 0.0005352819966871828, 0.005945984890764146], [0.04434861822925682, 0.00027960885748275503, 0.023834398858364744, 0.021990319047457317, 0.03637032605507082, 0.43644033878624644, 0.4378040634232887, 0.0006018528715788529, 0.0010413295546651854, 0.0]]}}