{"10x10": {"heatmap": [[0.39283130583430015, 29.39534020125118, 0.5373705493441405, 31.025492904929813, 20.808405740503098, 0.43769167100673584, 0.5672244687521482, 3.024437768480871, 9.973304534624658, 5.212007874951554], [14.678107098735708, 1.9820260323518288, 8.86837486603679, 7.335635217223402, 9.818379217912517, 7.3846039032423105, 9.059453699779018, 1.4525017009726438, 5.305067714358809, 3.98026917749978], [15.4408057711694, 5.299485794811096, 18.88711636133182, 16.147178633394528, 13.434154257352725, 5.672236648181421, 6.5757444561444105, 7.768548110369798, 0.4146552672695392, 19.502866225327185], [25.22516625519593, 21.034840198075642, 20.710131903756857, 17.86328501295767, 0.5105020218769335, 16.54101466159634, 16.812596268268834, 0.43769167100673584, 21.70906706340409, 38.45154016068027], [36.62469672449163, 14.592925409048158, 9.984976920783087, 11.001567597045963, 0.3386774715275335, 21.175426280184602, 13.735081665174562, 3.485052570632697, 16.326850302014655, 23.56153115801825], [42.62023263255656, 12.54700745847494, 16.29420187416702, 25.7572500820731, 16.18828205252917, 15.624158024725952, 9.976322367072465, 13.465078944150415, 22.553064338877302, 44.34968552434317], [33.86939113400924, 6.045961335281226, 14.307805826139667, 27.204903695129968, 9.848215738293584, 15.501569630414528, 19.41106356017111, 11.244268567415359, 10.23155307638951, 42.654713509045294], [47.6760900726011, 15.580746385390375, 20.464215740058254, 14.635185217218364, 12.002089875973773, 12.2569054790701, 5.245464248962769, 11.223124025522676, 5.516625025253654, 20.34217515386006], [27.72248536725541, 12.919573991870628, 16.40048497247246, 25.618148905349678, 20.319085157596813, 15.701682626832737, 9.261442095282408, 6.106100559750599, 9.711935045329207, 18.816084234261826], [9.03893376717591, 24.395028796974742, 34.12189601257937, 36.5638425264625, 28.04649885816233, 37.536582832926435, 0.5119200830488138, 16.43410174705307, 18.449277126177986, 18.37112429972798]], "q": [[0.07830417528633091, 0.2201850486918781, 0.2601816700613774, 0.21490904578511028, 0.2221270756087032, 0.21007689623877368, 0.07799380036925233, 0.07798644274125324, 0.013111773023582962, 0.0], [0.151022961424773, 0.00028136130745205057, 0.00016167708663229432, 0.014659209088770171, 0.000351296376140057, 0.0004666013471653571, 0.0007424483420127707, 0.0007383162077494294, 0.0032558045624318044, 0.0007432301748262121], [0.00018547619758214778, 0.00013429798712987558, 0.04689057522010148, 0.30042453482361714, 0.0, 0.00022503812863915515, 0.00019940087347773255, 0.017636762806050435, 0.21362428958502344, 0.012896877534722052], [0.4243823295485475, 0.0070646136422130995, 0.014421674026530096, 0.05647301328165813, 0.013760567239274064, 0.0785311643512947, 0.05942835693832435, 0.3201857617768622, 0.22057762643045836, 0.5005307732628108], [0.0, 0.05038365093658992, 0.0, 0.0592546098538832, 0.01373763309880794, 0.1600660588098788, 0.0004015178636228767, 0.0007102560321976868, 0.2676500891343605, 0.45847846491867256], [0.21058207590508365, 0.08052412577931137, 0.00024606785644788737, 0.05652904644917703, 0.00038993366409594465, 0.0025429963787404813, 0.0007830592924517601, 0.0049767311079781315, 0.22317487908877748, 0.5065951655163936], [0.21010310136262478, 0.005574413659431851, 0.00026128151729181754, 0.005072862275657339, 0.005328384311401825, 0.012524067193543221, 0.0, 0.30035781346254453, 0.0049714534912299385, 0.0004412967922464219], [0.2869430466610768, 0.004364463554482218, 0.0010448498535471484, 0.0004137089772135705, 0.3846787552220764, 0.00047235474486172853, 0.0500681079977002, 0.0037707535122799883, 0.006513323883454032, 8.625421005548512e-05], [0.26127096471902933, 0.0, 0.04777603572189981, 0.006627179517637093, 0.008536481813090272, 0.013594107208716366, 0.012815380237640627, 0.001950814474045076, 0.000374697397681028, 0.004162189423534903], [0.021730822932335844, 0.21013700834016652, 0.22167885544059873, 0.015393223333220123, 0.017821459766984703, 0.21385576600526074, 0.2145239910774115, 0.000421297010105197, 0.0007289306882656298, 0.0]]}}